{
  "HTTP Request - Home" : {
    "transaction" : "HTTP Request - Home",
    "sampleCount" : 3000,
    "errorCount" : 0,
    "errorPct" : 0.0,
    "meanResTime" : 643.8079999999999,
    "medianResTime" : 384.0,
    "minResTime" : 61.0,
    "maxResTime" : 5995.0,
    "pct1ResTime" : 1508.4000000000005,
    "pct2ResTime" : 1854.3999999999978,
    "pct3ResTime" : 3062.4199999999873,
    "throughput" : 0.007902755768383441,
    "receivedKBytesPerSec" : 0.2113807092227536,
    "sentKBytesPerSec" : 8.797989820270629E-4
  },
  "Total" : {
    "transaction" : "Total",
    "sampleCount" : 3000,
    "errorCount" : 0,
    "errorPct" : 0.0,
    "meanResTime" : 643.8079999999999,
    "medianResTime" : 384.0,
    "minResTime" : 61.0,
    "maxResTime" : 5995.0,
    "pct1ResTime" : 1508.4000000000005,
    "pct2ResTime" : 1854.3999999999978,
    "pct3ResTime" : 3062.4199999999873,
    "throughput" : 0.007902755768383441,
    "receivedKBytesPerSec" : 0.2113807092227536,
    "sentKBytesPerSec" : 8.797989820270629E-4
  }
}